<?xml version="1.0" encoding="UTF-8"?>
<objects serializationModel="Studio.02.00.00">
	<object class="Workspace" id="{059f7df6-9ae5-4a7e-bfae-7367c6b51ade}">
		<relationship name="masterEventFolder">
			<destination>{0bc52fef-f7c5-4b48-b81e-f369d7946397}</destination>
		</relationship>
		<relationship name="masterTagFolder">
			<destination>{8ff82ed5-d60f-4304-9ead-bf8fc3e237f3}</destination>
		</relationship>
		<relationship name="masterEffectPresetFolder">
			<destination>{e9158efc-173b-4f91-8b47-e40560d1b7c8}</destination>
		</relationship>
		<relationship name="masterParameterPresetFolder">
			<destination>{9c87e128-adc8-4a9d-afdc-298e8a639e27}</destination>
		</relationship>
		<relationship name="masterBankFolder">
			<destination>{f4551fb4-d012-4f73-8e0f-b5ff14d35c0e}</destination>
		</relationship>
		<relationship name="masterAssetFolder">
			<destination>{0fd0ab72-e73f-4a55-9230-406f3e709eea}</destination>
		</relationship>
		<relationship name="mixer">
			<destination>{af62c565-e5eb-486a-a4e2-a1e981c93e30}</destination>
		</relationship>
		<relationship name="platforms">
			<destination>{e9b3b430-9bdb-4cec-8d7f-2e5011eefcca}</destination>
		</relationship>
	</object>
</objects>
