<?xml version="1.0" encoding="UTF-8"?>
<objects serializationModel="Studio.02.00.00">
	<object class="Event" id="{11663349-02c5-4a0c-a833-85de0bc57145}">
		<property name="name">
			<value>continueGame_button</value>
		</property>
		<property name="outputFormat">
			<value>2</value>
		</property>
		<relationship name="folder">
			<destination>{0f5564ff-4be0-4237-8bf1-31ad08b2c478}</destination>
		</relationship>
		<relationship name="mixer">
			<destination>{a2fea676-4c3d-450b-b43d-13be1dac6174}</destination>
		</relationship>
		<relationship name="masterTrack">
			<destination>{4cd527bb-546c-45ac-99d6-24f605e75427}</destination>
		</relationship>
		<relationship name="mixerInput">
			<destination>{ccd4d7bc-b825-4882-9c4b-eae2805dd880}</destination>
		</relationship>
		<relationship name="automatableProperties">
			<destination>{e961890a-95fd-4117-a407-ba0828f34b7f}</destination>
		</relationship>
		<relationship name="markerTracks">
			<destination>{1d33ba7b-41bb-4be0-9b6c-18a08dd11757}</destination>
		</relationship>
		<relationship name="groupTracks">
			<destination>{aaabeb0d-c0ce-4556-a14f-ffbe6f5421d3}</destination>
		</relationship>
		<relationship name="timeline">
			<destination>{6f7582ee-aaa4-4c68-a51c-ec07846006dc}</destination>
		</relationship>
		<relationship name="banks">
			<destination>{f888b0c2-c335-4348-a40d-fed7572812ce}</destination>
		</relationship>
	</object>
	<object class="EventMixer" id="{a2fea676-4c3d-450b-b43d-13be1dac6174}">
		<relationship name="masterBus">
			<destination>{923e8361-7050-4d70-856c-69d489cb8804}</destination>
		</relationship>
	</object>
	<object class="MasterTrack" id="{4cd527bb-546c-45ac-99d6-24f605e75427}">
		<relationship name="mixerGroup">
			<destination>{923e8361-7050-4d70-856c-69d489cb8804}</destination>
		</relationship>
	</object>
	<object class="MixerInput" id="{ccd4d7bc-b825-4882-9c4b-eae2805dd880}">
		<relationship name="effectChain">
			<destination>{4b8410fc-30dd-4a44-a09f-6f47da0fd115}</destination>
		</relationship>
		<relationship name="panner">
			<destination>{2f437e3a-42b3-438c-9d39-78146247e366}</destination>
		</relationship>
		<relationship name="output">
			<destination>{ed922338-48cf-44d2-9094-0c3d26d5a19e}</destination>
		</relationship>
	</object>
	<object class="EventAutomatableProperties" id="{e961890a-95fd-4117-a407-ba0828f34b7f}" />
	<object class="MarkerTrack" id="{1d33ba7b-41bb-4be0-9b6c-18a08dd11757}" />
	<object class="GroupTrack" id="{aaabeb0d-c0ce-4556-a14f-ffbe6f5421d3}">
		<relationship name="mixerGroup">
			<destination>{2182e0c4-076f-4520-bce1-b965ab5effba}</destination>
		</relationship>
	</object>
	<object class="Timeline" id="{6f7582ee-aaa4-4c68-a51c-ec07846006dc}" />
	<object class="EventMixerMaster" id="{923e8361-7050-4d70-856c-69d489cb8804}">
		<relationship name="effectChain">
			<destination>{200faa5b-449c-4b68-8c96-9c2d3f380e64}</destination>
		</relationship>
		<relationship name="panner">
			<destination>{e6656330-565a-4c26-87c2-35722a27fd10}</destination>
		</relationship>
		<relationship name="mixer">
			<destination>{a2fea676-4c3d-450b-b43d-13be1dac6174}</destination>
		</relationship>
	</object>
	<object class="MixerBusEffectChain" id="{4b8410fc-30dd-4a44-a09f-6f47da0fd115}">
		<relationship name="effects">
			<destination>{76098f28-d360-41fc-abe3-8e1713c1a1b7}</destination>
		</relationship>
	</object>
	<object class="MixerBusPanner" id="{2f437e3a-42b3-438c-9d39-78146247e366}" />
	<object class="EventMixerGroup" id="{2182e0c4-076f-4520-bce1-b965ab5effba}">
		<property name="name">
			<value>Audio 1</value>
		</property>
		<relationship name="effectChain">
			<destination>{21505608-873e-418f-a2cb-aabc9082926f}</destination>
		</relationship>
		<relationship name="panner">
			<destination>{e3f098cb-ddc5-42e9-b0cb-19aadc62ed53}</destination>
		</relationship>
		<relationship name="output">
			<destination>{923e8361-7050-4d70-856c-69d489cb8804}</destination>
		</relationship>
	</object>
	<object class="MixerBusEffectChain" id="{200faa5b-449c-4b68-8c96-9c2d3f380e64}">
		<relationship name="effects">
			<destination>{02694948-76d6-4e25-9a7d-ad0e35707922}</destination>
			<destination>{a984520a-4527-4dd9-920f-e940e247de59}</destination>
		</relationship>
	</object>
	<object class="MixerBusPanner" id="{e6656330-565a-4c26-87c2-35722a27fd10}" />
	<object class="MixerBusFader" id="{76098f28-d360-41fc-abe3-8e1713c1a1b7}" />
	<object class="MixerBusEffectChain" id="{21505608-873e-418f-a2cb-aabc9082926f}">
		<relationship name="effects">
			<destination>{1e6f8da7-2b8c-4f64-ae01-1fb271cfeafc}</destination>
		</relationship>
	</object>
	<object class="MixerBusPanner" id="{e3f098cb-ddc5-42e9-b0cb-19aadc62ed53}" />
	<object class="MixerBusFader" id="{02694948-76d6-4e25-9a7d-ad0e35707922}" />
	<object class="SpatialiserEffect" id="{a984520a-4527-4dd9-920f-e940e247de59}" />
	<object class="MixerBusFader" id="{1e6f8da7-2b8c-4f64-ae01-1fb271cfeafc}" />
</objects>
