<?xml version="1.0" encoding="UTF-8"?>
<objects serializationModel="Studio.02.00.00">
	<object class="Event" id="{14d0a52a-172e-42ed-b322-40a7fd073567}">
		<property name="name">
			<value>MainTheme_BGM</value>
		</property>
		<property name="outputFormat">
			<value>2</value>
		</property>
		<relationship name="folder">
			<destination>{7bc76588-9612-4a0c-9f6a-7e9e8ee00b00}</destination>
		</relationship>
		<relationship name="mixer">
			<destination>{29e91e98-604e-465f-895a-d6360bba0228}</destination>
		</relationship>
		<relationship name="masterTrack">
			<destination>{4756a425-b884-469c-b0a6-5c3ad1c5aca8}</destination>
		</relationship>
		<relationship name="mixerInput">
			<destination>{dd659ce2-74a0-44b3-a258-77784b87b9e6}</destination>
		</relationship>
		<relationship name="automatableProperties">
			<destination>{c2f9e280-57f9-40eb-88fb-c67bc3719a5b}</destination>
		</relationship>
		<relationship name="markerTracks">
			<destination>{695979e6-1c63-4385-a034-d59aaa653524}</destination>
		</relationship>
		<relationship name="groupTracks">
			<destination>{4ab1ac98-d73d-4b43-b86f-2e59f8ee2e55}</destination>
		</relationship>
		<relationship name="timeline">
			<destination>{8f4ff66a-c393-498a-8143-e65d8f5614d0}</destination>
		</relationship>
		<relationship name="banks">
			<destination>{f888b0c2-c335-4348-a40d-fed7572812ce}</destination>
		</relationship>
	</object>
	<object class="EventMixer" id="{29e91e98-604e-465f-895a-d6360bba0228}">
		<relationship name="masterBus">
			<destination>{1463d144-3f5b-4f36-a7d4-6bbdb9c69dd1}</destination>
		</relationship>
	</object>
	<object class="MasterTrack" id="{4756a425-b884-469c-b0a6-5c3ad1c5aca8}">
		<relationship name="mixerGroup">
			<destination>{1463d144-3f5b-4f36-a7d4-6bbdb9c69dd1}</destination>
		</relationship>
	</object>
	<object class="MixerInput" id="{dd659ce2-74a0-44b3-a258-77784b87b9e6}">
		<relationship name="effectChain">
			<destination>{7ab0cb52-b898-4860-8829-c44777c668a2}</destination>
		</relationship>
		<relationship name="panner">
			<destination>{32f2b4b8-2d7d-4812-a070-7c5d46b46a58}</destination>
		</relationship>
		<relationship name="output">
			<destination>{ed922338-48cf-44d2-9094-0c3d26d5a19e}</destination>
		</relationship>
	</object>
	<object class="EventAutomatableProperties" id="{c2f9e280-57f9-40eb-88fb-c67bc3719a5b}" />
	<object class="MarkerTrack" id="{695979e6-1c63-4385-a034-d59aaa653524}" />
	<object class="GroupTrack" id="{4ab1ac98-d73d-4b43-b86f-2e59f8ee2e55}">
		<relationship name="mixerGroup">
			<destination>{289f598d-6956-48c4-885c-b17bb0b0c440}</destination>
		</relationship>
	</object>
	<object class="Timeline" id="{8f4ff66a-c393-498a-8143-e65d8f5614d0}" />
	<object class="EventMixerMaster" id="{1463d144-3f5b-4f36-a7d4-6bbdb9c69dd1}">
		<relationship name="effectChain">
			<destination>{3755621d-a006-4ff6-b908-986713546a9e}</destination>
		</relationship>
		<relationship name="panner">
			<destination>{571038c0-9e50-4c3a-aeb6-c518d00b43b9}</destination>
		</relationship>
		<relationship name="mixer">
			<destination>{29e91e98-604e-465f-895a-d6360bba0228}</destination>
		</relationship>
	</object>
	<object class="MixerBusEffectChain" id="{7ab0cb52-b898-4860-8829-c44777c668a2}">
		<relationship name="effects">
			<destination>{a04c0139-a44e-4b62-90e2-62e29d09ae7c}</destination>
		</relationship>
	</object>
	<object class="MixerBusPanner" id="{32f2b4b8-2d7d-4812-a070-7c5d46b46a58}" />
	<object class="EventMixerGroup" id="{289f598d-6956-48c4-885c-b17bb0b0c440}">
		<property name="name">
			<value>Audio 1</value>
		</property>
		<relationship name="effectChain">
			<destination>{84f133c4-1e27-4127-9459-0eb4c367a4e9}</destination>
		</relationship>
		<relationship name="panner">
			<destination>{e106e320-f4dd-4cbd-8af3-6ce1d8437171}</destination>
		</relationship>
		<relationship name="output">
			<destination>{1463d144-3f5b-4f36-a7d4-6bbdb9c69dd1}</destination>
		</relationship>
	</object>
	<object class="MixerBusEffectChain" id="{3755621d-a006-4ff6-b908-986713546a9e}">
		<relationship name="effects">
			<destination>{063c66a1-d0d2-49b8-b113-ace5f2d1d354}</destination>
			<destination>{0de09b14-a287-4176-9698-84e2b1e3b053}</destination>
		</relationship>
	</object>
	<object class="MixerBusPanner" id="{571038c0-9e50-4c3a-aeb6-c518d00b43b9}" />
	<object class="MixerBusFader" id="{a04c0139-a44e-4b62-90e2-62e29d09ae7c}" />
	<object class="MixerBusEffectChain" id="{84f133c4-1e27-4127-9459-0eb4c367a4e9}">
		<relationship name="effects">
			<destination>{a325389a-197b-4a94-9f29-6341f2393189}</destination>
		</relationship>
	</object>
	<object class="MixerBusPanner" id="{e106e320-f4dd-4cbd-8af3-6ce1d8437171}" />
	<object class="MixerBusFader" id="{063c66a1-d0d2-49b8-b113-ace5f2d1d354}" />
	<object class="SpatialiserEffect" id="{0de09b14-a287-4176-9698-84e2b1e3b053}" />
	<object class="MixerBusFader" id="{a325389a-197b-4a94-9f29-6341f2393189}" />
</objects>
