<?xml version="1.0" encoding="UTF-8"?>
<objects serializationModel="Studio.02.00.00">
	<object class="Event" id="{3c3b7c7e-4b74-4022-bdd2-6f08c093d5d4}">
		<property name="name">
			<value>enemySword_SFX</value>
		</property>
		<property name="outputFormat">
			<value>2</value>
		</property>
		<relationship name="folder">
			<destination>{9f93f4ff-6619-480f-95db-7dcb16dd1dff}</destination>
		</relationship>
		<relationship name="mixer">
			<destination>{f69bc5d5-78ef-4ec1-b30b-a4740fbd3c92}</destination>
		</relationship>
		<relationship name="masterTrack">
			<destination>{fc4c2c49-8e0d-4a6d-9521-f287f4b79d14}</destination>
		</relationship>
		<relationship name="mixerInput">
			<destination>{607f9340-b074-456c-8bfe-dc000b7d111e}</destination>
		</relationship>
		<relationship name="automatableProperties">
			<destination>{702431e3-9baa-4438-9145-f3aabc9f60db}</destination>
		</relationship>
		<relationship name="markerTracks">
			<destination>{5d5ab289-ac6c-48e8-97a3-66e453041540}</destination>
		</relationship>
		<relationship name="groupTracks">
			<destination>{591f1e8d-9e78-4ec6-84ea-2cb5af6ff15b}</destination>
		</relationship>
		<relationship name="timeline">
			<destination>{313c05fa-f0db-44a1-9551-0dadae0dabe1}</destination>
		</relationship>
		<relationship name="banks">
			<destination>{f888b0c2-c335-4348-a40d-fed7572812ce}</destination>
		</relationship>
	</object>
	<object class="EventMixer" id="{f69bc5d5-78ef-4ec1-b30b-a4740fbd3c92}">
		<relationship name="masterBus">
			<destination>{6daee19c-908b-49a2-95df-9135a5ad70fe}</destination>
		</relationship>
	</object>
	<object class="MasterTrack" id="{fc4c2c49-8e0d-4a6d-9521-f287f4b79d14}">
		<relationship name="mixerGroup">
			<destination>{6daee19c-908b-49a2-95df-9135a5ad70fe}</destination>
		</relationship>
	</object>
	<object class="MixerInput" id="{607f9340-b074-456c-8bfe-dc000b7d111e}">
		<relationship name="effectChain">
			<destination>{7a5bff53-073d-4179-84bc-ded8c0551fa7}</destination>
		</relationship>
		<relationship name="panner">
			<destination>{fb433407-eb4b-4750-92e6-ac03a89ffc71}</destination>
		</relationship>
		<relationship name="output">
			<destination>{ed922338-48cf-44d2-9094-0c3d26d5a19e}</destination>
		</relationship>
	</object>
	<object class="EventAutomatableProperties" id="{702431e3-9baa-4438-9145-f3aabc9f60db}" />
	<object class="MarkerTrack" id="{5d5ab289-ac6c-48e8-97a3-66e453041540}" />
	<object class="GroupTrack" id="{591f1e8d-9e78-4ec6-84ea-2cb5af6ff15b}">
		<relationship name="mixerGroup">
			<destination>{432f3dfb-b344-44c6-a017-844da0c48183}</destination>
		</relationship>
	</object>
	<object class="Timeline" id="{313c05fa-f0db-44a1-9551-0dadae0dabe1}" />
	<object class="EventMixerMaster" id="{6daee19c-908b-49a2-95df-9135a5ad70fe}">
		<relationship name="effectChain">
			<destination>{612de4d4-298f-4838-9f5f-eea04426bc99}</destination>
		</relationship>
		<relationship name="panner">
			<destination>{9eef8da4-66fc-435b-a033-c5ccd0dfa99e}</destination>
		</relationship>
		<relationship name="mixer">
			<destination>{f69bc5d5-78ef-4ec1-b30b-a4740fbd3c92}</destination>
		</relationship>
	</object>
	<object class="MixerBusEffectChain" id="{7a5bff53-073d-4179-84bc-ded8c0551fa7}">
		<relationship name="effects">
			<destination>{4314a74d-5dfc-4f4e-96f6-91bedfd4a3ef}</destination>
		</relationship>
	</object>
	<object class="MixerBusPanner" id="{fb433407-eb4b-4750-92e6-ac03a89ffc71}" />
	<object class="EventMixerGroup" id="{432f3dfb-b344-44c6-a017-844da0c48183}">
		<property name="name">
			<value>Audio 1</value>
		</property>
		<relationship name="effectChain">
			<destination>{4023a389-e22e-4fd2-825d-27c8b5802f93}</destination>
		</relationship>
		<relationship name="panner">
			<destination>{41d8de57-ae9e-4dc5-94d0-04a7b6b81b5e}</destination>
		</relationship>
		<relationship name="output">
			<destination>{6daee19c-908b-49a2-95df-9135a5ad70fe}</destination>
		</relationship>
	</object>
	<object class="MixerBusEffectChain" id="{612de4d4-298f-4838-9f5f-eea04426bc99}">
		<relationship name="effects">
			<destination>{ce7c58bf-ed35-4e7a-8c15-f45724a5534d}</destination>
			<destination>{309b97f2-094d-45f4-8db4-1c540a7f89ec}</destination>
		</relationship>
	</object>
	<object class="MixerBusPanner" id="{9eef8da4-66fc-435b-a033-c5ccd0dfa99e}" />
	<object class="MixerBusFader" id="{4314a74d-5dfc-4f4e-96f6-91bedfd4a3ef}" />
	<object class="MixerBusEffectChain" id="{4023a389-e22e-4fd2-825d-27c8b5802f93}">
		<relationship name="effects">
			<destination>{a2079481-e2e3-4cf9-8bc1-c2cf4e5e6366}</destination>
		</relationship>
	</object>
	<object class="MixerBusPanner" id="{41d8de57-ae9e-4dc5-94d0-04a7b6b81b5e}" />
	<object class="MixerBusFader" id="{ce7c58bf-ed35-4e7a-8c15-f45724a5534d}" />
	<object class="SpatialiserEffect" id="{309b97f2-094d-45f4-8db4-1c540a7f89ec}" />
	<object class="MixerBusFader" id="{a2079481-e2e3-4cf9-8bc1-c2cf4e5e6366}" />
</objects>
