<?xml version="1.0" encoding="UTF-8"?>
<objects serializationModel="Studio.02.00.00">
	<object class="Event" id="{409058d4-7bd1-461d-b6da-d10343020bde}">
		<property name="name">
			<value>characterBow_SFX</value>
		</property>
		<property name="outputFormat">
			<value>2</value>
		</property>
		<relationship name="folder">
			<destination>{9f93f4ff-6619-480f-95db-7dcb16dd1dff}</destination>
		</relationship>
		<relationship name="mixer">
			<destination>{5222a4df-a477-462e-9128-7979cc54fe58}</destination>
		</relationship>
		<relationship name="masterTrack">
			<destination>{8d9a290b-dec5-4326-888b-a52fb3f2bd1c}</destination>
		</relationship>
		<relationship name="mixerInput">
			<destination>{919e2c6f-0081-4da7-945a-1062df54f18a}</destination>
		</relationship>
		<relationship name="automatableProperties">
			<destination>{752060ed-797a-4069-bad8-ae71f1a674bc}</destination>
		</relationship>
		<relationship name="markerTracks">
			<destination>{247499c0-be36-4728-acf7-cc827f701a0f}</destination>
		</relationship>
		<relationship name="groupTracks">
			<destination>{9e68342e-aa4d-42dc-9e58-029af92ab241}</destination>
		</relationship>
		<relationship name="timeline">
			<destination>{c55851ca-c014-41db-a74e-8a80c574728c}</destination>
		</relationship>
		<relationship name="banks">
			<destination>{f888b0c2-c335-4348-a40d-fed7572812ce}</destination>
		</relationship>
	</object>
	<object class="EventMixer" id="{5222a4df-a477-462e-9128-7979cc54fe58}">
		<relationship name="masterBus">
			<destination>{57647881-333e-4b0e-8bb0-964079a63b04}</destination>
		</relationship>
	</object>
	<object class="MasterTrack" id="{8d9a290b-dec5-4326-888b-a52fb3f2bd1c}">
		<relationship name="mixerGroup">
			<destination>{57647881-333e-4b0e-8bb0-964079a63b04}</destination>
		</relationship>
	</object>
	<object class="MixerInput" id="{919e2c6f-0081-4da7-945a-1062df54f18a}">
		<relationship name="effectChain">
			<destination>{4f6d0965-f9df-4587-a878-674547eb73b6}</destination>
		</relationship>
		<relationship name="panner">
			<destination>{b255a503-c6cf-4717-b2ea-5c25ba2b52e0}</destination>
		</relationship>
		<relationship name="output">
			<destination>{ed922338-48cf-44d2-9094-0c3d26d5a19e}</destination>
		</relationship>
	</object>
	<object class="EventAutomatableProperties" id="{752060ed-797a-4069-bad8-ae71f1a674bc}" />
	<object class="MarkerTrack" id="{247499c0-be36-4728-acf7-cc827f701a0f}" />
	<object class="GroupTrack" id="{9e68342e-aa4d-42dc-9e58-029af92ab241}">
		<relationship name="mixerGroup">
			<destination>{10b144d4-9197-4f68-98ca-454a69607253}</destination>
		</relationship>
	</object>
	<object class="Timeline" id="{c55851ca-c014-41db-a74e-8a80c574728c}" />
	<object class="EventMixerMaster" id="{57647881-333e-4b0e-8bb0-964079a63b04}">
		<relationship name="effectChain">
			<destination>{74269699-1adf-4659-892d-5504ec163637}</destination>
		</relationship>
		<relationship name="panner">
			<destination>{7857f2b9-ec6e-4b5c-b917-cb639728ab22}</destination>
		</relationship>
		<relationship name="mixer">
			<destination>{5222a4df-a477-462e-9128-7979cc54fe58}</destination>
		</relationship>
	</object>
	<object class="MixerBusEffectChain" id="{4f6d0965-f9df-4587-a878-674547eb73b6}">
		<relationship name="effects">
			<destination>{0a204796-9d48-47f8-aa71-0079983e5cd1}</destination>
		</relationship>
	</object>
	<object class="MixerBusPanner" id="{b255a503-c6cf-4717-b2ea-5c25ba2b52e0}" />
	<object class="EventMixerGroup" id="{10b144d4-9197-4f68-98ca-454a69607253}">
		<property name="name">
			<value>Audio 1</value>
		</property>
		<relationship name="effectChain">
			<destination>{d6a9d898-3fd5-4fbe-8027-ef916a5095a8}</destination>
		</relationship>
		<relationship name="panner">
			<destination>{fb1a6260-e0ee-43bc-91e3-30fe86c3d1a6}</destination>
		</relationship>
		<relationship name="output">
			<destination>{57647881-333e-4b0e-8bb0-964079a63b04}</destination>
		</relationship>
	</object>
	<object class="MixerBusEffectChain" id="{74269699-1adf-4659-892d-5504ec163637}">
		<relationship name="effects">
			<destination>{991d98f7-a065-4eaf-8731-ca598cce9ca7}</destination>
			<destination>{6a008a5c-be60-4e61-87c9-e0a4b8fb0ed6}</destination>
		</relationship>
	</object>
	<object class="MixerBusPanner" id="{7857f2b9-ec6e-4b5c-b917-cb639728ab22}" />
	<object class="MixerBusFader" id="{0a204796-9d48-47f8-aa71-0079983e5cd1}" />
	<object class="MixerBusEffectChain" id="{d6a9d898-3fd5-4fbe-8027-ef916a5095a8}">
		<relationship name="effects">
			<destination>{e67c00a3-b1f3-48d7-8214-278f7410c355}</destination>
		</relationship>
	</object>
	<object class="MixerBusPanner" id="{fb1a6260-e0ee-43bc-91e3-30fe86c3d1a6}" />
	<object class="MixerBusFader" id="{991d98f7-a065-4eaf-8731-ca598cce9ca7}" />
	<object class="SpatialiserEffect" id="{6a008a5c-be60-4e61-87c9-e0a4b8fb0ed6}" />
	<object class="MixerBusFader" id="{e67c00a3-b1f3-48d7-8214-278f7410c355}" />
</objects>
