<?xml version="1.0" encoding="UTF-8"?>
<objects serializationModel="Studio.02.00.00">
	<object class="Event" id="{41e584ba-49c4-47d2-94f6-bf3290345cef}">
		<property name="name">
			<value>loseHP_SFX</value>
		</property>
		<property name="outputFormat">
			<value>2</value>
		</property>
		<relationship name="folder">
			<destination>{3d2e6d4f-f165-4e63-abf8-7d31d1ebea5c}</destination>
		</relationship>
		<relationship name="mixer">
			<destination>{a396fb4d-440a-4598-afb6-1895b054930c}</destination>
		</relationship>
		<relationship name="masterTrack">
			<destination>{226f1b37-010a-4356-98fb-47d1e40cc157}</destination>
		</relationship>
		<relationship name="mixerInput">
			<destination>{e7c7a66f-87b0-48bc-9c80-000a66cc0af6}</destination>
		</relationship>
		<relationship name="automatableProperties">
			<destination>{957bbb8e-64d1-4738-a7bb-a37425c018fd}</destination>
		</relationship>
		<relationship name="markerTracks">
			<destination>{be02b938-3cd9-4756-ac2b-ac73f4e2bbba}</destination>
		</relationship>
		<relationship name="groupTracks">
			<destination>{7189374d-2794-450f-87fe-2c63ed05cb0a}</destination>
		</relationship>
		<relationship name="timeline">
			<destination>{5e56c4d1-6ddd-4351-a221-8c339f9625f3}</destination>
		</relationship>
		<relationship name="banks">
			<destination>{f888b0c2-c335-4348-a40d-fed7572812ce}</destination>
		</relationship>
	</object>
	<object class="EventMixer" id="{a396fb4d-440a-4598-afb6-1895b054930c}">
		<relationship name="masterBus">
			<destination>{97fc6e1c-321f-4db0-8acc-13184b93eaa3}</destination>
		</relationship>
	</object>
	<object class="MasterTrack" id="{226f1b37-010a-4356-98fb-47d1e40cc157}">
		<relationship name="mixerGroup">
			<destination>{97fc6e1c-321f-4db0-8acc-13184b93eaa3}</destination>
		</relationship>
	</object>
	<object class="MixerInput" id="{e7c7a66f-87b0-48bc-9c80-000a66cc0af6}">
		<relationship name="effectChain">
			<destination>{d03aac59-e804-4d17-8151-cc6817e75f4e}</destination>
		</relationship>
		<relationship name="panner">
			<destination>{515a638b-6ff8-4819-b257-0290b06bceeb}</destination>
		</relationship>
		<relationship name="output">
			<destination>{ed922338-48cf-44d2-9094-0c3d26d5a19e}</destination>
		</relationship>
	</object>
	<object class="EventAutomatableProperties" id="{957bbb8e-64d1-4738-a7bb-a37425c018fd}" />
	<object class="MarkerTrack" id="{be02b938-3cd9-4756-ac2b-ac73f4e2bbba}" />
	<object class="GroupTrack" id="{7189374d-2794-450f-87fe-2c63ed05cb0a}">
		<relationship name="mixerGroup">
			<destination>{16d1f8ee-ac99-466e-892f-6a96216fd1a2}</destination>
		</relationship>
	</object>
	<object class="Timeline" id="{5e56c4d1-6ddd-4351-a221-8c339f9625f3}" />
	<object class="EventMixerMaster" id="{97fc6e1c-321f-4db0-8acc-13184b93eaa3}">
		<relationship name="effectChain">
			<destination>{d78e6d35-59e6-4431-89a3-a14cd1d0a2eb}</destination>
		</relationship>
		<relationship name="panner">
			<destination>{bc66ac4b-c644-4752-b8de-a275c4b2b04e}</destination>
		</relationship>
		<relationship name="mixer">
			<destination>{a396fb4d-440a-4598-afb6-1895b054930c}</destination>
		</relationship>
	</object>
	<object class="MixerBusEffectChain" id="{d03aac59-e804-4d17-8151-cc6817e75f4e}">
		<relationship name="effects">
			<destination>{75ed3b4d-d454-42e6-acd1-b53d7161c033}</destination>
		</relationship>
	</object>
	<object class="MixerBusPanner" id="{515a638b-6ff8-4819-b257-0290b06bceeb}" />
	<object class="EventMixerGroup" id="{16d1f8ee-ac99-466e-892f-6a96216fd1a2}">
		<property name="name">
			<value>Audio 1</value>
		</property>
		<relationship name="effectChain">
			<destination>{73f9f16f-5215-464c-b882-b8c1e58f06fa}</destination>
		</relationship>
		<relationship name="panner">
			<destination>{6ca78635-27d6-45af-840e-cfbeddcbfb8b}</destination>
		</relationship>
		<relationship name="output">
			<destination>{97fc6e1c-321f-4db0-8acc-13184b93eaa3}</destination>
		</relationship>
	</object>
	<object class="MixerBusEffectChain" id="{d78e6d35-59e6-4431-89a3-a14cd1d0a2eb}">
		<relationship name="effects">
			<destination>{6f9e64b0-af0c-4099-9746-5ec0316f0e1d}</destination>
			<destination>{63d9e6f6-1056-401f-9bfe-6513c6e8b7da}</destination>
		</relationship>
	</object>
	<object class="MixerBusPanner" id="{bc66ac4b-c644-4752-b8de-a275c4b2b04e}" />
	<object class="MixerBusFader" id="{75ed3b4d-d454-42e6-acd1-b53d7161c033}" />
	<object class="MixerBusEffectChain" id="{73f9f16f-5215-464c-b882-b8c1e58f06fa}">
		<relationship name="effects">
			<destination>{83e04c06-0251-4a95-a199-3b5c3ec0fe70}</destination>
		</relationship>
	</object>
	<object class="MixerBusPanner" id="{6ca78635-27d6-45af-840e-cfbeddcbfb8b}" />
	<object class="MixerBusFader" id="{6f9e64b0-af0c-4099-9746-5ec0316f0e1d}" />
	<object class="SpatialiserEffect" id="{63d9e6f6-1056-401f-9bfe-6513c6e8b7da}" />
	<object class="MixerBusFader" id="{83e04c06-0251-4a95-a199-3b5c3ec0fe70}" />
</objects>
