<?xml version="1.0" encoding="UTF-8"?>
<objects serializationModel="Studio.02.00.00">
	<object class="Event" id="{4e28ab1c-4313-4a2f-98e2-f68f46aa1781}">
		<property name="name">
			<value>characterStaff_SFX</value>
		</property>
		<property name="outputFormat">
			<value>2</value>
		</property>
		<relationship name="folder">
			<destination>{9f93f4ff-6619-480f-95db-7dcb16dd1dff}</destination>
		</relationship>
		<relationship name="mixer">
			<destination>{c497a71b-5899-46b9-a066-85e6981d48d4}</destination>
		</relationship>
		<relationship name="masterTrack">
			<destination>{65445cf4-0868-4270-9149-00df49ad0c05}</destination>
		</relationship>
		<relationship name="mixerInput">
			<destination>{afc6ad85-6719-410e-ae61-69aa6df7efe1}</destination>
		</relationship>
		<relationship name="automatableProperties">
			<destination>{fa60414c-c446-4fc8-ab29-592d875c06b4}</destination>
		</relationship>
		<relationship name="markerTracks">
			<destination>{eb2a8ceb-505a-476a-ac94-cbbc7b5c5623}</destination>
		</relationship>
		<relationship name="groupTracks">
			<destination>{5d7fa2f6-f426-46f0-9cc4-cd480659bd37}</destination>
		</relationship>
		<relationship name="timeline">
			<destination>{a58e34e9-9d84-4661-a9ea-5ae144e4e70c}</destination>
		</relationship>
		<relationship name="banks">
			<destination>{f888b0c2-c335-4348-a40d-fed7572812ce}</destination>
		</relationship>
	</object>
	<object class="EventMixer" id="{c497a71b-5899-46b9-a066-85e6981d48d4}">
		<relationship name="masterBus">
			<destination>{6b8eaa04-4ae5-4315-99a6-17e5b78a21f0}</destination>
		</relationship>
	</object>
	<object class="MasterTrack" id="{65445cf4-0868-4270-9149-00df49ad0c05}">
		<relationship name="mixerGroup">
			<destination>{6b8eaa04-4ae5-4315-99a6-17e5b78a21f0}</destination>
		</relationship>
	</object>
	<object class="MixerInput" id="{afc6ad85-6719-410e-ae61-69aa6df7efe1}">
		<relationship name="effectChain">
			<destination>{2d24519b-cb39-4acd-b715-dddeba58ac0e}</destination>
		</relationship>
		<relationship name="panner">
			<destination>{908cf859-e29f-4875-ae7c-35d2af1554c6}</destination>
		</relationship>
		<relationship name="output">
			<destination>{ed922338-48cf-44d2-9094-0c3d26d5a19e}</destination>
		</relationship>
	</object>
	<object class="EventAutomatableProperties" id="{fa60414c-c446-4fc8-ab29-592d875c06b4}" />
	<object class="MarkerTrack" id="{eb2a8ceb-505a-476a-ac94-cbbc7b5c5623}" />
	<object class="GroupTrack" id="{5d7fa2f6-f426-46f0-9cc4-cd480659bd37}">
		<relationship name="mixerGroup">
			<destination>{331561a2-13c2-41d1-abf8-d48e3c6b91ac}</destination>
		</relationship>
	</object>
	<object class="Timeline" id="{a58e34e9-9d84-4661-a9ea-5ae144e4e70c}" />
	<object class="EventMixerMaster" id="{6b8eaa04-4ae5-4315-99a6-17e5b78a21f0}">
		<relationship name="effectChain">
			<destination>{f4c47428-a6d7-4148-9f2e-9cf90483aa26}</destination>
		</relationship>
		<relationship name="panner">
			<destination>{8e6a8514-f584-4c6f-962e-804aa771c744}</destination>
		</relationship>
		<relationship name="mixer">
			<destination>{c497a71b-5899-46b9-a066-85e6981d48d4}</destination>
		</relationship>
	</object>
	<object class="MixerBusEffectChain" id="{2d24519b-cb39-4acd-b715-dddeba58ac0e}">
		<relationship name="effects">
			<destination>{8e4ecb50-d0c3-4d20-b191-295c6974b2d6}</destination>
		</relationship>
	</object>
	<object class="MixerBusPanner" id="{908cf859-e29f-4875-ae7c-35d2af1554c6}" />
	<object class="EventMixerGroup" id="{331561a2-13c2-41d1-abf8-d48e3c6b91ac}">
		<property name="name">
			<value>Audio 1</value>
		</property>
		<relationship name="effectChain">
			<destination>{7433c8df-cab3-4ff1-b224-e77a4cf6cd3c}</destination>
		</relationship>
		<relationship name="panner">
			<destination>{ac377d08-1c32-4d03-9b5f-522b1c014aea}</destination>
		</relationship>
		<relationship name="output">
			<destination>{6b8eaa04-4ae5-4315-99a6-17e5b78a21f0}</destination>
		</relationship>
	</object>
	<object class="MixerBusEffectChain" id="{f4c47428-a6d7-4148-9f2e-9cf90483aa26}">
		<relationship name="effects">
			<destination>{10884549-1a91-4dda-a874-16150e4722bb}</destination>
			<destination>{dd04ecce-627f-4188-abee-8bcb20a3eda9}</destination>
		</relationship>
	</object>
	<object class="MixerBusPanner" id="{8e6a8514-f584-4c6f-962e-804aa771c744}" />
	<object class="MixerBusFader" id="{8e4ecb50-d0c3-4d20-b191-295c6974b2d6}" />
	<object class="MixerBusEffectChain" id="{7433c8df-cab3-4ff1-b224-e77a4cf6cd3c}">
		<relationship name="effects">
			<destination>{f6d50f6e-d26c-4eaa-a15c-5e7c6debf196}</destination>
		</relationship>
	</object>
	<object class="MixerBusPanner" id="{ac377d08-1c32-4d03-9b5f-522b1c014aea}" />
	<object class="MixerBusFader" id="{10884549-1a91-4dda-a874-16150e4722bb}" />
	<object class="SpatialiserEffect" id="{dd04ecce-627f-4188-abee-8bcb20a3eda9}" />
	<object class="MixerBusFader" id="{f6d50f6e-d26c-4eaa-a15c-5e7c6debf196}" />
</objects>
