<?xml version="1.0" encoding="UTF-8"?>
<objects serializationModel="Studio.02.00.00">
	<object class="Event" id="{57f5a146-efc5-42f4-bb3d-f1605de0aad9}">
		<property name="name">
			<value>recieveDamage_SFX</value>
		</property>
		<property name="outputFormat">
			<value>2</value>
		</property>
		<relationship name="folder">
			<destination>{896b3121-d094-4648-b8c2-4aa1d4885f37}</destination>
		</relationship>
		<relationship name="mixer">
			<destination>{cdb08bbe-5cde-4c53-8e89-de59981b2b2f}</destination>
		</relationship>
		<relationship name="masterTrack">
			<destination>{e2457207-c157-44d3-9020-6ded34abf38a}</destination>
		</relationship>
		<relationship name="mixerInput">
			<destination>{91aceb27-20f3-4bd0-be83-c152d5af2de9}</destination>
		</relationship>
		<relationship name="automatableProperties">
			<destination>{5a0a6316-8eae-4fac-b0d7-83000b526209}</destination>
		</relationship>
		<relationship name="markerTracks">
			<destination>{d52ce2ba-3da1-4569-a4d4-4ddebdd49443}</destination>
		</relationship>
		<relationship name="groupTracks">
			<destination>{c8a1461c-5763-4e30-8b93-4684f3bc24da}</destination>
		</relationship>
		<relationship name="timeline">
			<destination>{cdcb72b3-f65b-4ba3-8ee4-466919ff5aa7}</destination>
		</relationship>
		<relationship name="banks">
			<destination>{f888b0c2-c335-4348-a40d-fed7572812ce}</destination>
		</relationship>
	</object>
	<object class="EventMixer" id="{cdb08bbe-5cde-4c53-8e89-de59981b2b2f}">
		<relationship name="masterBus">
			<destination>{1e189746-c747-4f3c-be71-a4ff882c0dbf}</destination>
		</relationship>
	</object>
	<object class="MasterTrack" id="{e2457207-c157-44d3-9020-6ded34abf38a}">
		<relationship name="mixerGroup">
			<destination>{1e189746-c747-4f3c-be71-a4ff882c0dbf}</destination>
		</relationship>
	</object>
	<object class="MixerInput" id="{91aceb27-20f3-4bd0-be83-c152d5af2de9}">
		<relationship name="effectChain">
			<destination>{ee183840-e18b-45e2-b98b-d272b35fd566}</destination>
		</relationship>
		<relationship name="panner">
			<destination>{28b065b9-4610-4cb6-bd99-41d64d98f76b}</destination>
		</relationship>
		<relationship name="output">
			<destination>{ed922338-48cf-44d2-9094-0c3d26d5a19e}</destination>
		</relationship>
	</object>
	<object class="EventAutomatableProperties" id="{5a0a6316-8eae-4fac-b0d7-83000b526209}" />
	<object class="MarkerTrack" id="{d52ce2ba-3da1-4569-a4d4-4ddebdd49443}" />
	<object class="GroupTrack" id="{c8a1461c-5763-4e30-8b93-4684f3bc24da}">
		<relationship name="mixerGroup">
			<destination>{99b7706f-beb3-4c34-af2d-44bdb14032d1}</destination>
		</relationship>
	</object>
	<object class="Timeline" id="{cdcb72b3-f65b-4ba3-8ee4-466919ff5aa7}" />
	<object class="EventMixerMaster" id="{1e189746-c747-4f3c-be71-a4ff882c0dbf}">
		<relationship name="effectChain">
			<destination>{51b91649-ba38-45b8-948d-46c9ebac7cf7}</destination>
		</relationship>
		<relationship name="panner">
			<destination>{31917820-bc48-4e6a-9cf8-493c7931f7a5}</destination>
		</relationship>
		<relationship name="mixer">
			<destination>{cdb08bbe-5cde-4c53-8e89-de59981b2b2f}</destination>
		</relationship>
	</object>
	<object class="MixerBusEffectChain" id="{ee183840-e18b-45e2-b98b-d272b35fd566}">
		<relationship name="effects">
			<destination>{4b2d842a-cd6f-4e61-8479-b558cd3117e1}</destination>
		</relationship>
	</object>
	<object class="MixerBusPanner" id="{28b065b9-4610-4cb6-bd99-41d64d98f76b}" />
	<object class="EventMixerGroup" id="{99b7706f-beb3-4c34-af2d-44bdb14032d1}">
		<property name="name">
			<value>Audio 1</value>
		</property>
		<relationship name="effectChain">
			<destination>{de778273-217f-45cf-bf6b-235759cee0d5}</destination>
		</relationship>
		<relationship name="panner">
			<destination>{6a78f224-c750-4615-882b-14582a9f028b}</destination>
		</relationship>
		<relationship name="output">
			<destination>{1e189746-c747-4f3c-be71-a4ff882c0dbf}</destination>
		</relationship>
	</object>
	<object class="MixerBusEffectChain" id="{51b91649-ba38-45b8-948d-46c9ebac7cf7}">
		<relationship name="effects">
			<destination>{45f76f0d-645e-4db7-8656-70911a8a46ab}</destination>
			<destination>{f10f72dd-c2cf-4dc1-8a18-43b8e7de520c}</destination>
		</relationship>
	</object>
	<object class="MixerBusPanner" id="{31917820-bc48-4e6a-9cf8-493c7931f7a5}" />
	<object class="MixerBusFader" id="{4b2d842a-cd6f-4e61-8479-b558cd3117e1}" />
	<object class="MixerBusEffectChain" id="{de778273-217f-45cf-bf6b-235759cee0d5}">
		<relationship name="effects">
			<destination>{76717aac-cfcf-4cf7-93d7-e5202eebcbd6}</destination>
		</relationship>
	</object>
	<object class="MixerBusPanner" id="{6a78f224-c750-4615-882b-14582a9f028b}" />
	<object class="MixerBusFader" id="{45f76f0d-645e-4db7-8656-70911a8a46ab}" />
	<object class="SpatialiserEffect" id="{f10f72dd-c2cf-4dc1-8a18-43b8e7de520c}" />
	<object class="MixerBusFader" id="{76717aac-cfcf-4cf7-93d7-e5202eebcbd6}" />
</objects>
