<?xml version="1.0" encoding="UTF-8"?>
<objects serializationModel="Studio.02.00.00">
	<object class="Event" id="{659d103a-abed-4f63-89af-ed1337a36734}">
		<property name="name">
			<value>lowHPevent</value>
		</property>
		<property name="outputFormat">
			<value>2</value>
		</property>
		<relationship name="folder">
			<destination>{3d2e6d4f-f165-4e63-abf8-7d31d1ebea5c}</destination>
		</relationship>
		<relationship name="mixer">
			<destination>{0005dc46-3e28-4aaa-a486-4df5710df18c}</destination>
		</relationship>
		<relationship name="masterTrack">
			<destination>{b2d534f4-0878-4651-ac51-9a5d9affc244}</destination>
		</relationship>
		<relationship name="mixerInput">
			<destination>{b92dbfe9-0874-429a-9107-06160f60f6da}</destination>
		</relationship>
		<relationship name="automatableProperties">
			<destination>{eab255a2-e374-4e40-971f-cd41b2beec39}</destination>
		</relationship>
		<relationship name="markerTracks">
			<destination>{8511ab74-d47a-4f15-9725-aee0c5ce5903}</destination>
		</relationship>
		<relationship name="groupTracks">
			<destination>{4c01515e-16a5-40da-abd2-2c99bd03bb20}</destination>
		</relationship>
		<relationship name="timeline">
			<destination>{5b041072-8e4a-4398-bbc3-51f99d623e7f}</destination>
		</relationship>
		<relationship name="parameters">
			<destination>{e3dd83dd-e9ba-4201-9b18-73bdb2c8e184}</destination>
		</relationship>
		<relationship name="banks">
			<destination>{f888b0c2-c335-4348-a40d-fed7572812ce}</destination>
		</relationship>
	</object>
	<object class="EventMixer" id="{0005dc46-3e28-4aaa-a486-4df5710df18c}">
		<relationship name="masterBus">
			<destination>{3bae346d-9625-4fe2-be25-a41f3205df36}</destination>
		</relationship>
	</object>
	<object class="MasterTrack" id="{b2d534f4-0878-4651-ac51-9a5d9affc244}">
		<relationship name="mixerGroup">
			<destination>{3bae346d-9625-4fe2-be25-a41f3205df36}</destination>
		</relationship>
	</object>
	<object class="MixerInput" id="{b92dbfe9-0874-429a-9107-06160f60f6da}">
		<relationship name="effectChain">
			<destination>{90380a3f-1b21-4206-ac62-4e1725fec1bd}</destination>
		</relationship>
		<relationship name="panner">
			<destination>{e1eb392b-1f34-4900-a272-9838e4f4ce3a}</destination>
		</relationship>
		<relationship name="output">
			<destination>{ed922338-48cf-44d2-9094-0c3d26d5a19e}</destination>
		</relationship>
	</object>
	<object class="EventAutomatableProperties" id="{eab255a2-e374-4e40-971f-cd41b2beec39}" />
	<object class="MarkerTrack" id="{8511ab74-d47a-4f15-9725-aee0c5ce5903}" />
	<object class="GroupTrack" id="{4c01515e-16a5-40da-abd2-2c99bd03bb20}">
		<relationship name="mixerGroup">
			<destination>{e3820d38-63bd-48de-a7e8-685e0852ca19}</destination>
		</relationship>
	</object>
	<object class="Timeline" id="{5b041072-8e4a-4398-bbc3-51f99d623e7f}" />
	<object class="ParameterProxy" id="{e3dd83dd-e9ba-4201-9b18-73bdb2c8e184}">
		<relationship name="preset">
			<destination>{a70f67f8-60db-42cf-9dbe-12b79d27a1fe}</destination>
		</relationship>
	</object>
	<object class="EventMixerMaster" id="{3bae346d-9625-4fe2-be25-a41f3205df36}">
		<relationship name="effectChain">
			<destination>{a4dd820f-e975-4e0d-a255-15cbb5a754b9}</destination>
		</relationship>
		<relationship name="panner">
			<destination>{9a591bbc-1914-403b-8661-ee7e7c568e40}</destination>
		</relationship>
		<relationship name="mixer">
			<destination>{0005dc46-3e28-4aaa-a486-4df5710df18c}</destination>
		</relationship>
	</object>
	<object class="MixerBusEffectChain" id="{90380a3f-1b21-4206-ac62-4e1725fec1bd}">
		<relationship name="effects">
			<destination>{ee5dad71-6428-41d2-922b-2e8016915d87}</destination>
		</relationship>
	</object>
	<object class="MixerBusPanner" id="{e1eb392b-1f34-4900-a272-9838e4f4ce3a}" />
	<object class="EventMixerGroup" id="{e3820d38-63bd-48de-a7e8-685e0852ca19}">
		<property name="name">
			<value>Audio 1</value>
		</property>
		<relationship name="effectChain">
			<destination>{afee144e-98f7-43be-b662-49aa47bd6496}</destination>
		</relationship>
		<relationship name="panner">
			<destination>{9d6fde8c-ca76-4e2e-8c6e-813f68a5891e}</destination>
		</relationship>
		<relationship name="output">
			<destination>{3bae346d-9625-4fe2-be25-a41f3205df36}</destination>
		</relationship>
	</object>
	<object class="MixerBusEffectChain" id="{a4dd820f-e975-4e0d-a255-15cbb5a754b9}">
		<relationship name="effects">
			<destination>{9b663161-7cdf-4cc1-8220-d5bccabc29b3}</destination>
			<destination>{45953f1e-80d9-4c89-9ff9-01a62c4a6e49}</destination>
		</relationship>
	</object>
	<object class="MixerBusPanner" id="{9a591bbc-1914-403b-8661-ee7e7c568e40}" />
	<object class="MixerBusFader" id="{ee5dad71-6428-41d2-922b-2e8016915d87}" />
	<object class="MixerBusEffectChain" id="{afee144e-98f7-43be-b662-49aa47bd6496}">
		<relationship name="effects">
			<destination>{352aa043-9af5-465a-8b9b-a0cc10f902c7}</destination>
		</relationship>
	</object>
	<object class="MixerBusPanner" id="{9d6fde8c-ca76-4e2e-8c6e-813f68a5891e}" />
	<object class="MixerBusFader" id="{9b663161-7cdf-4cc1-8220-d5bccabc29b3}" />
	<object class="SpatialiserEffect" id="{45953f1e-80d9-4c89-9ff9-01a62c4a6e49}" />
	<object class="MixerBusFader" id="{352aa043-9af5-465a-8b9b-a0cc10f902c7}" />
</objects>
