<?xml version="1.0" encoding="UTF-8"?>
<objects serializationModel="Studio.02.00.00">
	<object class="Event" id="{7c8b6a9b-9384-4c3b-859f-4c005fda0b8a}">
		<property name="name">
			<value>recieveHP_SFX</value>
		</property>
		<property name="outputFormat">
			<value>2</value>
		</property>
		<relationship name="folder">
			<destination>{3d2e6d4f-f165-4e63-abf8-7d31d1ebea5c}</destination>
		</relationship>
		<relationship name="mixer">
			<destination>{ca49c2a3-b79f-4d62-a9c2-e90ec0411179}</destination>
		</relationship>
		<relationship name="masterTrack">
			<destination>{12965c47-8e41-4dbc-94a2-1305ec3a921f}</destination>
		</relationship>
		<relationship name="mixerInput">
			<destination>{4363db86-0efb-45db-8f21-aff328a8fced}</destination>
		</relationship>
		<relationship name="automatableProperties">
			<destination>{9d567a34-edcf-44a5-b785-69536ee4c691}</destination>
		</relationship>
		<relationship name="markerTracks">
			<destination>{66532093-fb8a-4ffe-89c4-cdaf0a628768}</destination>
		</relationship>
		<relationship name="groupTracks">
			<destination>{9bbb98f5-c840-4c43-8665-c9f65995fe97}</destination>
		</relationship>
		<relationship name="timeline">
			<destination>{fefca582-55d0-4ce9-b5a0-69858978c796}</destination>
		</relationship>
		<relationship name="banks">
			<destination>{f888b0c2-c335-4348-a40d-fed7572812ce}</destination>
		</relationship>
	</object>
	<object class="EventMixer" id="{ca49c2a3-b79f-4d62-a9c2-e90ec0411179}">
		<relationship name="masterBus">
			<destination>{e992572e-a84c-41d4-a3e2-202ddbd264ca}</destination>
		</relationship>
	</object>
	<object class="MasterTrack" id="{12965c47-8e41-4dbc-94a2-1305ec3a921f}">
		<relationship name="mixerGroup">
			<destination>{e992572e-a84c-41d4-a3e2-202ddbd264ca}</destination>
		</relationship>
	</object>
	<object class="MixerInput" id="{4363db86-0efb-45db-8f21-aff328a8fced}">
		<relationship name="effectChain">
			<destination>{3e7577a0-a823-435d-b164-c34d4b6548b4}</destination>
		</relationship>
		<relationship name="panner">
			<destination>{ed2b4d3b-b4dd-46c2-b9ec-c92c38f83b6a}</destination>
		</relationship>
		<relationship name="output">
			<destination>{ed922338-48cf-44d2-9094-0c3d26d5a19e}</destination>
		</relationship>
	</object>
	<object class="EventAutomatableProperties" id="{9d567a34-edcf-44a5-b785-69536ee4c691}" />
	<object class="MarkerTrack" id="{66532093-fb8a-4ffe-89c4-cdaf0a628768}" />
	<object class="GroupTrack" id="{9bbb98f5-c840-4c43-8665-c9f65995fe97}">
		<relationship name="mixerGroup">
			<destination>{9f592096-37e9-49b0-b919-332080944593}</destination>
		</relationship>
	</object>
	<object class="Timeline" id="{fefca582-55d0-4ce9-b5a0-69858978c796}" />
	<object class="EventMixerMaster" id="{e992572e-a84c-41d4-a3e2-202ddbd264ca}">
		<relationship name="effectChain">
			<destination>{910fabbf-0a6a-4c5e-b7d0-bbb8d7ee8aea}</destination>
		</relationship>
		<relationship name="panner">
			<destination>{7b6f1af1-b1e4-4cbc-97bd-e102f68ced4c}</destination>
		</relationship>
		<relationship name="mixer">
			<destination>{ca49c2a3-b79f-4d62-a9c2-e90ec0411179}</destination>
		</relationship>
	</object>
	<object class="MixerBusEffectChain" id="{3e7577a0-a823-435d-b164-c34d4b6548b4}">
		<relationship name="effects">
			<destination>{a1a11d6d-0c36-422d-bdee-82e4848d889c}</destination>
		</relationship>
	</object>
	<object class="MixerBusPanner" id="{ed2b4d3b-b4dd-46c2-b9ec-c92c38f83b6a}" />
	<object class="EventMixerGroup" id="{9f592096-37e9-49b0-b919-332080944593}">
		<property name="name">
			<value>Audio 1</value>
		</property>
		<relationship name="effectChain">
			<destination>{a12a69b2-1530-413c-986f-206218a2fe0a}</destination>
		</relationship>
		<relationship name="panner">
			<destination>{b4a73dcd-9d98-45f0-ad06-6d584f8af546}</destination>
		</relationship>
		<relationship name="output">
			<destination>{e992572e-a84c-41d4-a3e2-202ddbd264ca}</destination>
		</relationship>
	</object>
	<object class="MixerBusEffectChain" id="{910fabbf-0a6a-4c5e-b7d0-bbb8d7ee8aea}">
		<relationship name="effects">
			<destination>{86b45d5d-137e-4df4-8769-1385fc876278}</destination>
			<destination>{e6398be5-d6d9-4c9f-a57a-137c9e929151}</destination>
		</relationship>
	</object>
	<object class="MixerBusPanner" id="{7b6f1af1-b1e4-4cbc-97bd-e102f68ced4c}" />
	<object class="MixerBusFader" id="{a1a11d6d-0c36-422d-bdee-82e4848d889c}" />
	<object class="MixerBusEffectChain" id="{a12a69b2-1530-413c-986f-206218a2fe0a}">
		<relationship name="effects">
			<destination>{16662cb9-47bc-4607-a0bf-23f98bf7c0a0}</destination>
		</relationship>
	</object>
	<object class="MixerBusPanner" id="{b4a73dcd-9d98-45f0-ad06-6d584f8af546}" />
	<object class="MixerBusFader" id="{86b45d5d-137e-4df4-8769-1385fc876278}" />
	<object class="SpatialiserEffect" id="{e6398be5-d6d9-4c9f-a57a-137c9e929151}" />
	<object class="MixerBusFader" id="{16662cb9-47bc-4607-a0bf-23f98bf7c0a0}" />
</objects>
