<?xml version="1.0" encoding="UTF-8"?>
<objects serializationModel="Studio.02.00.00">
	<object class="Event" id="{8c2c7853-cec6-4b1a-bc77-21d562383b70}">
		<property name="name">
			<value>bossBattle_Amb</value>
		</property>
		<property name="outputFormat">
			<value>2</value>
		</property>
		<relationship name="folder">
			<destination>{cac49bda-0db7-4384-8592-44cd130c4ce9}</destination>
		</relationship>
		<relationship name="mixer">
			<destination>{7ef2648f-08ef-4dbf-a08c-9c8eb2c8f9e5}</destination>
		</relationship>
		<relationship name="masterTrack">
			<destination>{5c0be87b-0bb6-4cfb-a99a-18bf0fa9a777}</destination>
		</relationship>
		<relationship name="mixerInput">
			<destination>{7e837fa7-a6e1-4604-b6ff-cdaeb8752aec}</destination>
		</relationship>
		<relationship name="automatableProperties">
			<destination>{4b2430cf-aadd-48af-8418-0909bf61b2b3}</destination>
		</relationship>
		<relationship name="markerTracks">
			<destination>{dfb3de73-2036-43ff-a54c-557989e1f11f}</destination>
		</relationship>
		<relationship name="groupTracks">
			<destination>{196b47e2-c3f8-4988-ac0a-dcff71bc879e}</destination>
		</relationship>
		<relationship name="timeline">
			<destination>{a036e645-20c0-451c-97f2-a6afbe54c47a}</destination>
		</relationship>
		<relationship name="banks">
			<destination>{f888b0c2-c335-4348-a40d-fed7572812ce}</destination>
		</relationship>
	</object>
	<object class="EventMixer" id="{7ef2648f-08ef-4dbf-a08c-9c8eb2c8f9e5}">
		<relationship name="masterBus">
			<destination>{2c0833c5-2a42-4f29-a21f-79b3be51a5e3}</destination>
		</relationship>
	</object>
	<object class="MasterTrack" id="{5c0be87b-0bb6-4cfb-a99a-18bf0fa9a777}">
		<relationship name="mixerGroup">
			<destination>{2c0833c5-2a42-4f29-a21f-79b3be51a5e3}</destination>
		</relationship>
	</object>
	<object class="MixerInput" id="{7e837fa7-a6e1-4604-b6ff-cdaeb8752aec}">
		<relationship name="effectChain">
			<destination>{dd89f9c2-049e-42e2-8b0b-f18101bd60cc}</destination>
		</relationship>
		<relationship name="panner">
			<destination>{e69ccac6-cefd-4883-997b-7c8e44870318}</destination>
		</relationship>
		<relationship name="output">
			<destination>{ed922338-48cf-44d2-9094-0c3d26d5a19e}</destination>
		</relationship>
	</object>
	<object class="EventAutomatableProperties" id="{4b2430cf-aadd-48af-8418-0909bf61b2b3}" />
	<object class="MarkerTrack" id="{dfb3de73-2036-43ff-a54c-557989e1f11f}" />
	<object class="GroupTrack" id="{196b47e2-c3f8-4988-ac0a-dcff71bc879e}">
		<relationship name="mixerGroup">
			<destination>{d5337bab-ff37-4192-b778-0712fac0cbcc}</destination>
		</relationship>
	</object>
	<object class="Timeline" id="{a036e645-20c0-451c-97f2-a6afbe54c47a}" />
	<object class="EventMixerMaster" id="{2c0833c5-2a42-4f29-a21f-79b3be51a5e3}">
		<relationship name="effectChain">
			<destination>{ad4694be-a0b7-4083-8689-9d80502b9437}</destination>
		</relationship>
		<relationship name="panner">
			<destination>{cbd9a378-8387-4034-af8c-fe6352705b09}</destination>
		</relationship>
		<relationship name="mixer">
			<destination>{7ef2648f-08ef-4dbf-a08c-9c8eb2c8f9e5}</destination>
		</relationship>
	</object>
	<object class="MixerBusEffectChain" id="{dd89f9c2-049e-42e2-8b0b-f18101bd60cc}">
		<relationship name="effects">
			<destination>{9e6c8ad8-c8e1-4ae6-8be4-be27c66a8327}</destination>
		</relationship>
	</object>
	<object class="MixerBusPanner" id="{e69ccac6-cefd-4883-997b-7c8e44870318}" />
	<object class="EventMixerGroup" id="{d5337bab-ff37-4192-b778-0712fac0cbcc}">
		<property name="name">
			<value>Audio 1</value>
		</property>
		<relationship name="effectChain">
			<destination>{136e8b2c-feee-402e-a702-86cce6af5be6}</destination>
		</relationship>
		<relationship name="panner">
			<destination>{4d925f8d-2bd9-442f-985e-947803b57d39}</destination>
		</relationship>
		<relationship name="output">
			<destination>{2c0833c5-2a42-4f29-a21f-79b3be51a5e3}</destination>
		</relationship>
	</object>
	<object class="MixerBusEffectChain" id="{ad4694be-a0b7-4083-8689-9d80502b9437}">
		<relationship name="effects">
			<destination>{bd8e03da-20c6-4abe-9652-4eb95baabd51}</destination>
			<destination>{1503e523-946c-441a-a349-3d98ec206bf2}</destination>
		</relationship>
	</object>
	<object class="MixerBusPanner" id="{cbd9a378-8387-4034-af8c-fe6352705b09}" />
	<object class="MixerBusFader" id="{9e6c8ad8-c8e1-4ae6-8be4-be27c66a8327}" />
	<object class="MixerBusEffectChain" id="{136e8b2c-feee-402e-a702-86cce6af5be6}">
		<relationship name="effects">
			<destination>{160a99f8-98ec-42f9-80f6-05bb0aae79ce}</destination>
		</relationship>
	</object>
	<object class="MixerBusPanner" id="{4d925f8d-2bd9-442f-985e-947803b57d39}" />
	<object class="MixerBusFader" id="{bd8e03da-20c6-4abe-9652-4eb95baabd51}" />
	<object class="SpatialiserEffect" id="{1503e523-946c-441a-a349-3d98ec206bf2}" />
	<object class="MixerBusFader" id="{160a99f8-98ec-42f9-80f6-05bb0aae79ce}" />
</objects>
