<?xml version="1.0" encoding="UTF-8"?>
<objects serializationModel="Studio.02.00.00">
	<object class="Event" id="{903a37e6-fda3-45f1-89a2-23124beb0c27}">
		<property name="name">
			<value>Level_3_BGM</value>
		</property>
		<property name="outputFormat">
			<value>2</value>
		</property>
		<relationship name="folder">
			<destination>{46637936-9f56-4a74-8c27-9ab46ec31227}</destination>
		</relationship>
		<relationship name="mixer">
			<destination>{fce97485-64c4-4db2-9c17-3a69520584bd}</destination>
		</relationship>
		<relationship name="masterTrack">
			<destination>{197e062a-a6b4-4737-86d8-2a14e289da68}</destination>
		</relationship>
		<relationship name="mixerInput">
			<destination>{6508fa9b-c110-40fd-94d2-3cbb30465bbd}</destination>
		</relationship>
		<relationship name="automatableProperties">
			<destination>{a2d78843-853b-4a80-8446-477ee40afc94}</destination>
		</relationship>
		<relationship name="markerTracks">
			<destination>{6832cd5b-9fed-40fd-b60d-0ac3569722a9}</destination>
		</relationship>
		<relationship name="groupTracks">
			<destination>{659a5450-00f4-49c5-bf74-55292ab7a13f}</destination>
		</relationship>
		<relationship name="timeline">
			<destination>{f3f0652b-a638-46c0-82c2-a5e2416d3c5d}</destination>
		</relationship>
		<relationship name="banks">
			<destination>{f888b0c2-c335-4348-a40d-fed7572812ce}</destination>
		</relationship>
	</object>
	<object class="EventMixer" id="{fce97485-64c4-4db2-9c17-3a69520584bd}">
		<relationship name="masterBus">
			<destination>{977236fe-bd5b-4b22-86c3-d8a0f197ffce}</destination>
		</relationship>
	</object>
	<object class="MasterTrack" id="{197e062a-a6b4-4737-86d8-2a14e289da68}">
		<relationship name="mixerGroup">
			<destination>{977236fe-bd5b-4b22-86c3-d8a0f197ffce}</destination>
		</relationship>
	</object>
	<object class="MixerInput" id="{6508fa9b-c110-40fd-94d2-3cbb30465bbd}">
		<relationship name="effectChain">
			<destination>{582a5243-5205-4151-8448-b8e9c76dd390}</destination>
		</relationship>
		<relationship name="panner">
			<destination>{5258401d-01b8-43ef-baa3-ac192bef1f3e}</destination>
		</relationship>
		<relationship name="output">
			<destination>{ed922338-48cf-44d2-9094-0c3d26d5a19e}</destination>
		</relationship>
	</object>
	<object class="EventAutomatableProperties" id="{a2d78843-853b-4a80-8446-477ee40afc94}" />
	<object class="MarkerTrack" id="{6832cd5b-9fed-40fd-b60d-0ac3569722a9}" />
	<object class="GroupTrack" id="{659a5450-00f4-49c5-bf74-55292ab7a13f}">
		<relationship name="mixerGroup">
			<destination>{997f0aff-242b-4d63-8f19-b3845d0ffc4d}</destination>
		</relationship>
	</object>
	<object class="Timeline" id="{f3f0652b-a638-46c0-82c2-a5e2416d3c5d}" />
	<object class="EventMixerMaster" id="{977236fe-bd5b-4b22-86c3-d8a0f197ffce}">
		<relationship name="effectChain">
			<destination>{0b47bdae-ae0d-4f5b-88f1-6b2fead8aa30}</destination>
		</relationship>
		<relationship name="panner">
			<destination>{373493dc-b6f2-4371-8e40-228ab16d0dba}</destination>
		</relationship>
		<relationship name="mixer">
			<destination>{fce97485-64c4-4db2-9c17-3a69520584bd}</destination>
		</relationship>
	</object>
	<object class="MixerBusEffectChain" id="{582a5243-5205-4151-8448-b8e9c76dd390}">
		<relationship name="effects">
			<destination>{bba80b88-4e96-427d-b4ae-e190c335e7a4}</destination>
		</relationship>
	</object>
	<object class="MixerBusPanner" id="{5258401d-01b8-43ef-baa3-ac192bef1f3e}" />
	<object class="EventMixerGroup" id="{997f0aff-242b-4d63-8f19-b3845d0ffc4d}">
		<property name="name">
			<value>Audio 1</value>
		</property>
		<relationship name="effectChain">
			<destination>{45a2e230-8644-44db-8c1d-21d5ad141ba1}</destination>
		</relationship>
		<relationship name="panner">
			<destination>{85d5436e-c13c-4273-a2ba-fdcd327d695c}</destination>
		</relationship>
		<relationship name="output">
			<destination>{977236fe-bd5b-4b22-86c3-d8a0f197ffce}</destination>
		</relationship>
	</object>
	<object class="MixerBusEffectChain" id="{0b47bdae-ae0d-4f5b-88f1-6b2fead8aa30}">
		<relationship name="effects">
			<destination>{87dd27b5-7cbd-463b-bd66-63fb3d0c31e0}</destination>
			<destination>{596ffa4c-c4b1-428e-870f-79380daa8f44}</destination>
		</relationship>
	</object>
	<object class="MixerBusPanner" id="{373493dc-b6f2-4371-8e40-228ab16d0dba}" />
	<object class="MixerBusFader" id="{bba80b88-4e96-427d-b4ae-e190c335e7a4}" />
	<object class="MixerBusEffectChain" id="{45a2e230-8644-44db-8c1d-21d5ad141ba1}">
		<relationship name="effects">
			<destination>{3e65de6a-09b5-4a34-95c6-f097ca7eaa5d}</destination>
		</relationship>
	</object>
	<object class="MixerBusPanner" id="{85d5436e-c13c-4273-a2ba-fdcd327d695c}" />
	<object class="MixerBusFader" id="{87dd27b5-7cbd-463b-bd66-63fb3d0c31e0}" />
	<object class="SpatialiserEffect" id="{596ffa4c-c4b1-428e-870f-79380daa8f44}" />
	<object class="MixerBusFader" id="{3e65de6a-09b5-4a34-95c6-f097ca7eaa5d}" />
</objects>
