<?xml version="1.0" encoding="UTF-8"?>
<objects serializationModel="Studio.02.00.00">
	<object class="Event" id="{90f51077-fd22-4137-97e6-024d801e129b}">
		<property name="name">
			<value>Level_3_Amb</value>
		</property>
		<property name="outputFormat">
			<value>2</value>
		</property>
		<relationship name="folder">
			<destination>{cac49bda-0db7-4384-8592-44cd130c4ce9}</destination>
		</relationship>
		<relationship name="mixer">
			<destination>{b4b9d115-abd4-449f-857d-85b2d3e5ad0a}</destination>
		</relationship>
		<relationship name="masterTrack">
			<destination>{35072249-29c6-4f9a-aff1-0f2a38cb4fe5}</destination>
		</relationship>
		<relationship name="mixerInput">
			<destination>{1a0ce99d-37ec-437c-bbf6-ec399ae168f7}</destination>
		</relationship>
		<relationship name="automatableProperties">
			<destination>{a6f09e59-8148-478d-8fb6-637b73e14516}</destination>
		</relationship>
		<relationship name="markerTracks">
			<destination>{a8528106-fd59-4f4f-b766-4eebe407208d}</destination>
		</relationship>
		<relationship name="groupTracks">
			<destination>{dcc26e23-aa69-4e86-b320-b286295b4306}</destination>
		</relationship>
		<relationship name="timeline">
			<destination>{3047e3e8-5b91-4944-82db-c4b5478dd1b3}</destination>
		</relationship>
		<relationship name="banks">
			<destination>{f888b0c2-c335-4348-a40d-fed7572812ce}</destination>
		</relationship>
	</object>
	<object class="EventMixer" id="{b4b9d115-abd4-449f-857d-85b2d3e5ad0a}">
		<relationship name="masterBus">
			<destination>{d913f9f7-f5c5-4f3e-91f5-dcf68ec9a040}</destination>
		</relationship>
	</object>
	<object class="MasterTrack" id="{35072249-29c6-4f9a-aff1-0f2a38cb4fe5}">
		<relationship name="mixerGroup">
			<destination>{d913f9f7-f5c5-4f3e-91f5-dcf68ec9a040}</destination>
		</relationship>
	</object>
	<object class="MixerInput" id="{1a0ce99d-37ec-437c-bbf6-ec399ae168f7}">
		<relationship name="effectChain">
			<destination>{4f900183-a8e5-4e4c-998f-ce9b0b59a14f}</destination>
		</relationship>
		<relationship name="panner">
			<destination>{3c73d1ce-9150-4ec7-85a6-92c3faf1c40a}</destination>
		</relationship>
		<relationship name="output">
			<destination>{ed922338-48cf-44d2-9094-0c3d26d5a19e}</destination>
		</relationship>
	</object>
	<object class="EventAutomatableProperties" id="{a6f09e59-8148-478d-8fb6-637b73e14516}" />
	<object class="MarkerTrack" id="{a8528106-fd59-4f4f-b766-4eebe407208d}" />
	<object class="GroupTrack" id="{dcc26e23-aa69-4e86-b320-b286295b4306}">
		<relationship name="mixerGroup">
			<destination>{682ef968-50fe-4011-9e88-d26a0f6d6a16}</destination>
		</relationship>
	</object>
	<object class="Timeline" id="{3047e3e8-5b91-4944-82db-c4b5478dd1b3}" />
	<object class="EventMixerMaster" id="{d913f9f7-f5c5-4f3e-91f5-dcf68ec9a040}">
		<relationship name="effectChain">
			<destination>{0f8d5ae2-816b-4769-816f-dc54bac4dab9}</destination>
		</relationship>
		<relationship name="panner">
			<destination>{d757d0fc-912c-4c75-9a59-98474506d133}</destination>
		</relationship>
		<relationship name="mixer">
			<destination>{b4b9d115-abd4-449f-857d-85b2d3e5ad0a}</destination>
		</relationship>
	</object>
	<object class="MixerBusEffectChain" id="{4f900183-a8e5-4e4c-998f-ce9b0b59a14f}">
		<relationship name="effects">
			<destination>{2c0cc131-891e-4e75-8334-e0156a888dc4}</destination>
		</relationship>
	</object>
	<object class="MixerBusPanner" id="{3c73d1ce-9150-4ec7-85a6-92c3faf1c40a}" />
	<object class="EventMixerGroup" id="{682ef968-50fe-4011-9e88-d26a0f6d6a16}">
		<property name="name">
			<value>Audio 1</value>
		</property>
		<relationship name="effectChain">
			<destination>{2bb26498-41f3-41a7-8fbb-c9cd7f7234cf}</destination>
		</relationship>
		<relationship name="panner">
			<destination>{f8dbabdb-2404-4c49-93f7-44bd4cb7532c}</destination>
		</relationship>
		<relationship name="output">
			<destination>{d913f9f7-f5c5-4f3e-91f5-dcf68ec9a040}</destination>
		</relationship>
	</object>
	<object class="MixerBusEffectChain" id="{0f8d5ae2-816b-4769-816f-dc54bac4dab9}">
		<relationship name="effects">
			<destination>{b4e66780-39ea-4b2c-81d2-2c0573076fa0}</destination>
			<destination>{2f2b9a21-e582-4656-916c-3e98b2fecfa9}</destination>
		</relationship>
	</object>
	<object class="MixerBusPanner" id="{d757d0fc-912c-4c75-9a59-98474506d133}" />
	<object class="MixerBusFader" id="{2c0cc131-891e-4e75-8334-e0156a888dc4}" />
	<object class="MixerBusEffectChain" id="{2bb26498-41f3-41a7-8fbb-c9cd7f7234cf}">
		<relationship name="effects">
			<destination>{964005ae-3756-4058-9c61-8a4bd9b72e1f}</destination>
		</relationship>
	</object>
	<object class="MixerBusPanner" id="{f8dbabdb-2404-4c49-93f7-44bd4cb7532c}" />
	<object class="MixerBusFader" id="{b4e66780-39ea-4b2c-81d2-2c0573076fa0}" />
	<object class="SpatialiserEffect" id="{2f2b9a21-e582-4656-916c-3e98b2fecfa9}" />
	<object class="MixerBusFader" id="{964005ae-3756-4058-9c61-8a4bd9b72e1f}" />
</objects>
