<?xml version="1.0" encoding="UTF-8"?>
<objects serializationModel="Studio.02.00.00">
	<object class="Event" id="{a2cd3d95-d65b-41b7-b572-6a4da4ffc2d4}">
		<property name="name">
			<value>Battle_BGM</value>
		</property>
		<property name="outputFormat">
			<value>2</value>
		</property>
		<relationship name="folder">
			<destination>{40da866a-9d82-497c-bd37-22d96c0bb066}</destination>
		</relationship>
		<relationship name="mixer">
			<destination>{ab5bb3ba-d670-41ed-bdab-0ffe932068c4}</destination>
		</relationship>
		<relationship name="masterTrack">
			<destination>{654522c9-3f9e-44d8-8ee5-a5c3692ffd49}</destination>
		</relationship>
		<relationship name="mixerInput">
			<destination>{7789bda2-7c37-4d62-a005-4b7c56f3e77a}</destination>
		</relationship>
		<relationship name="automatableProperties">
			<destination>{d856c0cc-0e7e-4410-8f4f-3be4a1f0409b}</destination>
		</relationship>
		<relationship name="markerTracks">
			<destination>{95cdd917-bf4f-49eb-b92e-bd3fb42370ee}</destination>
		</relationship>
		<relationship name="groupTracks">
			<destination>{68e4aff6-99d5-4da0-9ae9-1e4f7ff34efa}</destination>
		</relationship>
		<relationship name="timeline">
			<destination>{b8a17b92-5439-4cb3-8b1a-904bf88299cd}</destination>
		</relationship>
		<relationship name="banks">
			<destination>{f888b0c2-c335-4348-a40d-fed7572812ce}</destination>
		</relationship>
	</object>
	<object class="EventMixer" id="{ab5bb3ba-d670-41ed-bdab-0ffe932068c4}">
		<relationship name="masterBus">
			<destination>{cb5a80c2-9766-401a-860e-7778b63b5849}</destination>
		</relationship>
	</object>
	<object class="MasterTrack" id="{654522c9-3f9e-44d8-8ee5-a5c3692ffd49}">
		<relationship name="mixerGroup">
			<destination>{cb5a80c2-9766-401a-860e-7778b63b5849}</destination>
		</relationship>
	</object>
	<object class="MixerInput" id="{7789bda2-7c37-4d62-a005-4b7c56f3e77a}">
		<relationship name="effectChain">
			<destination>{0c2b0a34-ecc4-40b5-b0ae-619ad9464f02}</destination>
		</relationship>
		<relationship name="panner">
			<destination>{e3492f23-1492-438a-9497-d4b8a8fdc4f8}</destination>
		</relationship>
		<relationship name="output">
			<destination>{ed922338-48cf-44d2-9094-0c3d26d5a19e}</destination>
		</relationship>
	</object>
	<object class="EventAutomatableProperties" id="{d856c0cc-0e7e-4410-8f4f-3be4a1f0409b}" />
	<object class="MarkerTrack" id="{95cdd917-bf4f-49eb-b92e-bd3fb42370ee}" />
	<object class="GroupTrack" id="{68e4aff6-99d5-4da0-9ae9-1e4f7ff34efa}">
		<relationship name="mixerGroup">
			<destination>{8a55f203-1f6f-4968-a4cd-86c8f8fb17d1}</destination>
		</relationship>
	</object>
	<object class="Timeline" id="{b8a17b92-5439-4cb3-8b1a-904bf88299cd}" />
	<object class="EventMixerMaster" id="{cb5a80c2-9766-401a-860e-7778b63b5849}">
		<relationship name="effectChain">
			<destination>{6330a54f-fba0-4a52-963c-a95534209b88}</destination>
		</relationship>
		<relationship name="panner">
			<destination>{0e115d93-e1b8-451b-b6a8-8f5eff572f00}</destination>
		</relationship>
		<relationship name="mixer">
			<destination>{ab5bb3ba-d670-41ed-bdab-0ffe932068c4}</destination>
		</relationship>
	</object>
	<object class="MixerBusEffectChain" id="{0c2b0a34-ecc4-40b5-b0ae-619ad9464f02}">
		<relationship name="effects">
			<destination>{10f6fca3-1837-4edc-baeb-b34f0648bdec}</destination>
		</relationship>
	</object>
	<object class="MixerBusPanner" id="{e3492f23-1492-438a-9497-d4b8a8fdc4f8}" />
	<object class="EventMixerGroup" id="{8a55f203-1f6f-4968-a4cd-86c8f8fb17d1}">
		<property name="name">
			<value>Audio 1</value>
		</property>
		<relationship name="effectChain">
			<destination>{eaa43fea-b61f-4dca-9bc8-1e82241ad922}</destination>
		</relationship>
		<relationship name="panner">
			<destination>{c1f0dbd4-c4e1-43b5-977d-169bc7666cbe}</destination>
		</relationship>
		<relationship name="output">
			<destination>{cb5a80c2-9766-401a-860e-7778b63b5849}</destination>
		</relationship>
	</object>
	<object class="MixerBusEffectChain" id="{6330a54f-fba0-4a52-963c-a95534209b88}">
		<relationship name="effects">
			<destination>{10d56c27-1a06-4ac3-8f4c-0a302fe03f17}</destination>
			<destination>{ae0b29f9-a2a4-4090-a537-5aea38e3a169}</destination>
		</relationship>
	</object>
	<object class="MixerBusPanner" id="{0e115d93-e1b8-451b-b6a8-8f5eff572f00}" />
	<object class="MixerBusFader" id="{10f6fca3-1837-4edc-baeb-b34f0648bdec}" />
	<object class="MixerBusEffectChain" id="{eaa43fea-b61f-4dca-9bc8-1e82241ad922}">
		<relationship name="effects">
			<destination>{f1e9d38a-333d-486c-a446-2e9316db740a}</destination>
		</relationship>
	</object>
	<object class="MixerBusPanner" id="{c1f0dbd4-c4e1-43b5-977d-169bc7666cbe}" />
	<object class="MixerBusFader" id="{10d56c27-1a06-4ac3-8f4c-0a302fe03f17}" />
	<object class="SpatialiserEffect" id="{ae0b29f9-a2a4-4090-a537-5aea38e3a169}" />
	<object class="MixerBusFader" id="{f1e9d38a-333d-486c-a446-2e9316db740a}" />
</objects>
