<?xml version="1.0" encoding="UTF-8"?>
<objects serializationModel="Studio.02.00.00">
	<object class="Event" id="{ac1b82c0-525a-44a6-84af-28d862b8e59c}">
		<property name="name">
			<value>Level_2_Amb</value>
		</property>
		<property name="outputFormat">
			<value>2</value>
		</property>
		<relationship name="folder">
			<destination>{cac49bda-0db7-4384-8592-44cd130c4ce9}</destination>
		</relationship>
		<relationship name="mixer">
			<destination>{9cb7f22c-811f-48a3-911f-684eb42e988a}</destination>
		</relationship>
		<relationship name="masterTrack">
			<destination>{d1f1be4f-c633-41fb-9698-b53daecb5955}</destination>
		</relationship>
		<relationship name="mixerInput">
			<destination>{0b08ed92-2ef1-47a5-8723-91b457cca542}</destination>
		</relationship>
		<relationship name="automatableProperties">
			<destination>{6f2490bc-9b7c-4269-aef1-7e9b6629fda0}</destination>
		</relationship>
		<relationship name="markerTracks">
			<destination>{15b6b039-e4df-44b9-b26c-07687cf11245}</destination>
		</relationship>
		<relationship name="groupTracks">
			<destination>{8af35445-ffea-44ee-b402-edf585037099}</destination>
		</relationship>
		<relationship name="timeline">
			<destination>{88ee77dc-1e73-42e5-a7f4-58fbdc2d6d93}</destination>
		</relationship>
		<relationship name="banks">
			<destination>{f888b0c2-c335-4348-a40d-fed7572812ce}</destination>
		</relationship>
	</object>
	<object class="EventMixer" id="{9cb7f22c-811f-48a3-911f-684eb42e988a}">
		<relationship name="masterBus">
			<destination>{06660344-3a3f-47df-a315-5abc17979c23}</destination>
		</relationship>
	</object>
	<object class="MasterTrack" id="{d1f1be4f-c633-41fb-9698-b53daecb5955}">
		<relationship name="mixerGroup">
			<destination>{06660344-3a3f-47df-a315-5abc17979c23}</destination>
		</relationship>
	</object>
	<object class="MixerInput" id="{0b08ed92-2ef1-47a5-8723-91b457cca542}">
		<relationship name="effectChain">
			<destination>{0fd814d7-d4cd-4c6b-9e0b-ce74cec3d233}</destination>
		</relationship>
		<relationship name="panner">
			<destination>{bd680202-f9f9-4628-831c-e2ce96470b51}</destination>
		</relationship>
		<relationship name="output">
			<destination>{ed922338-48cf-44d2-9094-0c3d26d5a19e}</destination>
		</relationship>
	</object>
	<object class="EventAutomatableProperties" id="{6f2490bc-9b7c-4269-aef1-7e9b6629fda0}" />
	<object class="MarkerTrack" id="{15b6b039-e4df-44b9-b26c-07687cf11245}" />
	<object class="GroupTrack" id="{8af35445-ffea-44ee-b402-edf585037099}">
		<relationship name="mixerGroup">
			<destination>{540d0ee4-e70e-40de-944f-dbbd4612c44a}</destination>
		</relationship>
	</object>
	<object class="Timeline" id="{88ee77dc-1e73-42e5-a7f4-58fbdc2d6d93}" />
	<object class="EventMixerMaster" id="{06660344-3a3f-47df-a315-5abc17979c23}">
		<relationship name="effectChain">
			<destination>{fbcbd02e-eb53-4b82-ae4c-4d7bea1e42cb}</destination>
		</relationship>
		<relationship name="panner">
			<destination>{ebc22ed8-8504-48db-85f1-0e62dfca3fb2}</destination>
		</relationship>
		<relationship name="mixer">
			<destination>{9cb7f22c-811f-48a3-911f-684eb42e988a}</destination>
		</relationship>
	</object>
	<object class="MixerBusEffectChain" id="{0fd814d7-d4cd-4c6b-9e0b-ce74cec3d233}">
		<relationship name="effects">
			<destination>{f3bc4f4b-2996-4845-a1f7-80c3eada7516}</destination>
		</relationship>
	</object>
	<object class="MixerBusPanner" id="{bd680202-f9f9-4628-831c-e2ce96470b51}" />
	<object class="EventMixerGroup" id="{540d0ee4-e70e-40de-944f-dbbd4612c44a}">
		<property name="name">
			<value>Audio 1</value>
		</property>
		<relationship name="effectChain">
			<destination>{274601be-390b-4baa-8376-32eaa8eeb81f}</destination>
		</relationship>
		<relationship name="panner">
			<destination>{8796eb70-aa83-442d-92a6-3ce781ff0cbf}</destination>
		</relationship>
		<relationship name="output">
			<destination>{06660344-3a3f-47df-a315-5abc17979c23}</destination>
		</relationship>
	</object>
	<object class="MixerBusEffectChain" id="{fbcbd02e-eb53-4b82-ae4c-4d7bea1e42cb}">
		<relationship name="effects">
			<destination>{f77f0417-3968-4b4a-9da1-96565c9afa04}</destination>
			<destination>{b85bdc3b-27d6-4fe4-a17c-67ba1c9d8ee4}</destination>
		</relationship>
	</object>
	<object class="MixerBusPanner" id="{ebc22ed8-8504-48db-85f1-0e62dfca3fb2}" />
	<object class="MixerBusFader" id="{f3bc4f4b-2996-4845-a1f7-80c3eada7516}" />
	<object class="MixerBusEffectChain" id="{274601be-390b-4baa-8376-32eaa8eeb81f}">
		<relationship name="effects">
			<destination>{607d7896-3a1d-4df8-a9c6-527ca5f6977e}</destination>
		</relationship>
	</object>
	<object class="MixerBusPanner" id="{8796eb70-aa83-442d-92a6-3ce781ff0cbf}" />
	<object class="MixerBusFader" id="{f77f0417-3968-4b4a-9da1-96565c9afa04}" />
	<object class="SpatialiserEffect" id="{b85bdc3b-27d6-4fe4-a17c-67ba1c9d8ee4}" />
	<object class="MixerBusFader" id="{607d7896-3a1d-4df8-a9c6-527ca5f6977e}" />
</objects>
