<?xml version="1.0" encoding="UTF-8"?>
<objects serializationModel="Studio.02.00.00">
	<object class="Event" id="{ce516d5d-2254-429d-9ead-50b33efbacb5}">
		<property name="name">
			<value>firePit_inflictDamage_SFX</value>
		</property>
		<property name="outputFormat">
			<value>2</value>
		</property>
		<relationship name="folder">
			<destination>{ee860923-4545-48b3-aa22-cedbf4ef1dba}</destination>
		</relationship>
		<relationship name="mixer">
			<destination>{d650a628-3a19-4720-af1b-6c4127a8dbdd}</destination>
		</relationship>
		<relationship name="masterTrack">
			<destination>{58387d3d-ed70-43d9-aad3-d192f4be8cea}</destination>
		</relationship>
		<relationship name="mixerInput">
			<destination>{600e3c8f-c3ed-4751-b427-7a3b8c1a816b}</destination>
		</relationship>
		<relationship name="automatableProperties">
			<destination>{3031a1de-9176-4f87-9514-384d2c89af99}</destination>
		</relationship>
		<relationship name="markerTracks">
			<destination>{fd2a439c-b8ce-4f37-9ce9-1bc40968845f}</destination>
		</relationship>
		<relationship name="groupTracks">
			<destination>{327f5068-1940-4bd3-bdd3-9464d5fd120b}</destination>
		</relationship>
		<relationship name="timeline">
			<destination>{de30d33d-5fd0-4590-bc30-8e4c43d9812e}</destination>
		</relationship>
		<relationship name="banks">
			<destination>{f888b0c2-c335-4348-a40d-fed7572812ce}</destination>
		</relationship>
	</object>
	<object class="EventMixer" id="{d650a628-3a19-4720-af1b-6c4127a8dbdd}">
		<relationship name="masterBus">
			<destination>{b79230df-be12-422b-a331-211e672df6a6}</destination>
		</relationship>
	</object>
	<object class="MasterTrack" id="{58387d3d-ed70-43d9-aad3-d192f4be8cea}">
		<relationship name="mixerGroup">
			<destination>{b79230df-be12-422b-a331-211e672df6a6}</destination>
		</relationship>
	</object>
	<object class="MixerInput" id="{600e3c8f-c3ed-4751-b427-7a3b8c1a816b}">
		<relationship name="effectChain">
			<destination>{79012b81-9eb0-4b75-9d15-9839840cf0a1}</destination>
		</relationship>
		<relationship name="panner">
			<destination>{f19f8faf-d4a1-4b50-802d-976dada00266}</destination>
		</relationship>
		<relationship name="output">
			<destination>{ed922338-48cf-44d2-9094-0c3d26d5a19e}</destination>
		</relationship>
	</object>
	<object class="EventAutomatableProperties" id="{3031a1de-9176-4f87-9514-384d2c89af99}" />
	<object class="MarkerTrack" id="{fd2a439c-b8ce-4f37-9ce9-1bc40968845f}" />
	<object class="GroupTrack" id="{327f5068-1940-4bd3-bdd3-9464d5fd120b}">
		<relationship name="mixerGroup">
			<destination>{660449c7-b698-41e1-a6b7-c3b76f3fff6b}</destination>
		</relationship>
	</object>
	<object class="Timeline" id="{de30d33d-5fd0-4590-bc30-8e4c43d9812e}" />
	<object class="EventMixerMaster" id="{b79230df-be12-422b-a331-211e672df6a6}">
		<relationship name="effectChain">
			<destination>{37fb2c5f-0812-4bc7-bcd5-d1309208a869}</destination>
		</relationship>
		<relationship name="panner">
			<destination>{984da05f-f23e-4a57-adf2-df53a4bcca74}</destination>
		</relationship>
		<relationship name="mixer">
			<destination>{d650a628-3a19-4720-af1b-6c4127a8dbdd}</destination>
		</relationship>
	</object>
	<object class="MixerBusEffectChain" id="{79012b81-9eb0-4b75-9d15-9839840cf0a1}">
		<relationship name="effects">
			<destination>{6247d571-bb44-450b-a0c5-1c40ea5ddfda}</destination>
		</relationship>
	</object>
	<object class="MixerBusPanner" id="{f19f8faf-d4a1-4b50-802d-976dada00266}" />
	<object class="EventMixerGroup" id="{660449c7-b698-41e1-a6b7-c3b76f3fff6b}">
		<property name="name">
			<value>Audio 1</value>
		</property>
		<relationship name="effectChain">
			<destination>{a97848cf-a847-4e47-b747-df13d5703c5d}</destination>
		</relationship>
		<relationship name="panner">
			<destination>{cee16cce-eb28-4169-b051-ca8dc14b358a}</destination>
		</relationship>
		<relationship name="output">
			<destination>{b79230df-be12-422b-a331-211e672df6a6}</destination>
		</relationship>
	</object>
	<object class="MixerBusEffectChain" id="{37fb2c5f-0812-4bc7-bcd5-d1309208a869}">
		<relationship name="effects">
			<destination>{8526228a-fdf7-460c-9a3e-81cb3aaa1381}</destination>
			<destination>{f4fcebfe-ae94-49ec-b479-6cc665dcb4ed}</destination>
		</relationship>
	</object>
	<object class="MixerBusPanner" id="{984da05f-f23e-4a57-adf2-df53a4bcca74}" />
	<object class="MixerBusFader" id="{6247d571-bb44-450b-a0c5-1c40ea5ddfda}" />
	<object class="MixerBusEffectChain" id="{a97848cf-a847-4e47-b747-df13d5703c5d}">
		<relationship name="effects">
			<destination>{3787976d-5edf-4d92-835b-b1709cd2bbbf}</destination>
		</relationship>
	</object>
	<object class="MixerBusPanner" id="{cee16cce-eb28-4169-b051-ca8dc14b358a}" />
	<object class="MixerBusFader" id="{8526228a-fdf7-460c-9a3e-81cb3aaa1381}" />
	<object class="SpatialiserEffect" id="{f4fcebfe-ae94-49ec-b479-6cc665dcb4ed}" />
	<object class="MixerBusFader" id="{3787976d-5edf-4d92-835b-b1709cd2bbbf}" />
</objects>
