<?xml version="1.0" encoding="UTF-8"?>
<objects serializationModel="Studio.02.00.00">
	<object class="Event" id="{e306e608-68db-4e15-986e-8974b08437fd}">
		<property name="name">
			<value>pause_play_SFX</value>
		</property>
		<property name="outputFormat">
			<value>2</value>
		</property>
		<relationship name="folder">
			<destination>{b637ce2c-7c66-4310-82ab-86351e24d85a}</destination>
		</relationship>
		<relationship name="mixer">
			<destination>{a1c3e97d-38db-46ec-9bff-ddd0556ebec6}</destination>
		</relationship>
		<relationship name="masterTrack">
			<destination>{502e2f38-3959-40e0-aa25-bef5dd97418e}</destination>
		</relationship>
		<relationship name="mixerInput">
			<destination>{74f7eda8-330a-413c-8d18-a25ab754f20a}</destination>
		</relationship>
		<relationship name="automatableProperties">
			<destination>{c89d5549-868d-404b-9564-97d653a2cf60}</destination>
		</relationship>
		<relationship name="markerTracks">
			<destination>{4b4f21cb-db40-4da4-a7dc-b0a8773c0991}</destination>
		</relationship>
		<relationship name="groupTracks">
			<destination>{8949dd4e-4ef7-4573-9015-7ef5217acd1c}</destination>
		</relationship>
		<relationship name="timeline">
			<destination>{a1955f75-c8f8-46a5-9e07-ff6271776d05}</destination>
		</relationship>
		<relationship name="banks">
			<destination>{f888b0c2-c335-4348-a40d-fed7572812ce}</destination>
		</relationship>
	</object>
	<object class="EventMixer" id="{a1c3e97d-38db-46ec-9bff-ddd0556ebec6}">
		<relationship name="masterBus">
			<destination>{1c880e3c-2ad3-4221-8f6a-e7c3f2a8d0de}</destination>
		</relationship>
	</object>
	<object class="MasterTrack" id="{502e2f38-3959-40e0-aa25-bef5dd97418e}">
		<relationship name="mixerGroup">
			<destination>{1c880e3c-2ad3-4221-8f6a-e7c3f2a8d0de}</destination>
		</relationship>
	</object>
	<object class="MixerInput" id="{74f7eda8-330a-413c-8d18-a25ab754f20a}">
		<relationship name="effectChain">
			<destination>{afbb1a51-6a03-41e6-87ed-4c4044d68e56}</destination>
		</relationship>
		<relationship name="panner">
			<destination>{d4222768-8432-4818-8537-55799cb7637c}</destination>
		</relationship>
		<relationship name="output">
			<destination>{ed922338-48cf-44d2-9094-0c3d26d5a19e}</destination>
		</relationship>
	</object>
	<object class="EventAutomatableProperties" id="{c89d5549-868d-404b-9564-97d653a2cf60}" />
	<object class="MarkerTrack" id="{4b4f21cb-db40-4da4-a7dc-b0a8773c0991}" />
	<object class="GroupTrack" id="{8949dd4e-4ef7-4573-9015-7ef5217acd1c}">
		<relationship name="mixerGroup">
			<destination>{39b9b26a-47e1-4641-9446-31d0114e7380}</destination>
		</relationship>
	</object>
	<object class="Timeline" id="{a1955f75-c8f8-46a5-9e07-ff6271776d05}" />
	<object class="EventMixerMaster" id="{1c880e3c-2ad3-4221-8f6a-e7c3f2a8d0de}">
		<relationship name="effectChain">
			<destination>{d4a59482-5778-4cf3-90d0-095f7a0ccef3}</destination>
		</relationship>
		<relationship name="panner">
			<destination>{f8cb2f87-7b4b-4da9-85ff-a25c33e6c3da}</destination>
		</relationship>
		<relationship name="mixer">
			<destination>{a1c3e97d-38db-46ec-9bff-ddd0556ebec6}</destination>
		</relationship>
	</object>
	<object class="MixerBusEffectChain" id="{afbb1a51-6a03-41e6-87ed-4c4044d68e56}">
		<relationship name="effects">
			<destination>{b0a34fc2-734e-4349-82ef-09d6ef9c0c6d}</destination>
		</relationship>
	</object>
	<object class="MixerBusPanner" id="{d4222768-8432-4818-8537-55799cb7637c}" />
	<object class="EventMixerGroup" id="{39b9b26a-47e1-4641-9446-31d0114e7380}">
		<property name="name">
			<value>Audio 1</value>
		</property>
		<relationship name="effectChain">
			<destination>{5147e57d-61d2-49be-aaf6-771462d3e807}</destination>
		</relationship>
		<relationship name="panner">
			<destination>{a53dfbb7-23e2-4d83-ad89-5f87c4110ae4}</destination>
		</relationship>
		<relationship name="output">
			<destination>{1c880e3c-2ad3-4221-8f6a-e7c3f2a8d0de}</destination>
		</relationship>
	</object>
	<object class="MixerBusEffectChain" id="{d4a59482-5778-4cf3-90d0-095f7a0ccef3}">
		<relationship name="effects">
			<destination>{53b9877f-ff92-485b-b2a5-63a8a0125e9c}</destination>
			<destination>{dfe41c6d-2543-4da6-b6dd-a2b6ef0bbd67}</destination>
		</relationship>
	</object>
	<object class="MixerBusPanner" id="{f8cb2f87-7b4b-4da9-85ff-a25c33e6c3da}" />
	<object class="MixerBusFader" id="{b0a34fc2-734e-4349-82ef-09d6ef9c0c6d}" />
	<object class="MixerBusEffectChain" id="{5147e57d-61d2-49be-aaf6-771462d3e807}">
		<relationship name="effects">
			<destination>{a16e4422-ba35-4e00-8de4-0f7f1befa8c6}</destination>
		</relationship>
	</object>
	<object class="MixerBusPanner" id="{a53dfbb7-23e2-4d83-ad89-5f87c4110ae4}" />
	<object class="MixerBusFader" id="{53b9877f-ff92-485b-b2a5-63a8a0125e9c}" />
	<object class="SpatialiserEffect" id="{dfe41c6d-2543-4da6-b6dd-a2b6ef0bbd67}" />
	<object class="MixerBusFader" id="{a16e4422-ba35-4e00-8de4-0f7f1befa8c6}" />
</objects>
