<?xml version="1.0" encoding="UTF-8"?>
<objects serializationModel="Studio.02.00.00">
	<object class="ParameterPreset" id="{1ec0cebf-c684-4b83-923c-5565f8365d21}">
		<property name="name">
			<value>HP</value>
		</property>
		<relationship name="folder">
			<destination>{9c87e128-adc8-4a9d-afdc-298e8a639e27}</destination>
		</relationship>
		<relationship name="parameter">
			<destination>{a70f67f8-60db-42cf-9dbe-12b79d27a1fe}</destination>
		</relationship>
	</object>
	<object class="GameParameter" id="{a70f67f8-60db-42cf-9dbe-12b79d27a1fe}">
		<property name="initialValue">
			<value>0</value>
		</property>
	</object>
</objects>
