<?xml version="1.0" encoding="UTF-8"?>
<objects serializationModel="Studio.02.00.00">
	<object class="Workspace" id="{059f7df6-9ae5-4a7e-bfae-7367c6b51ade}">
		<relationship name="projectSettings">
			<destination>{3dce15c3-0c3d-45c0-a783-d58fd4054ec5}</destination>
		</relationship>
		<relationship name="profilerSessionFolder">
			<destination>{8fff8364-7cce-4839-829d-71425856f4e2}</destination>
		</relationship>
	</object>
	<object class="ProjectSettings" id="{3dce15c3-0c3d-45c0-a783-d58fd4054ec5}">
		<relationship name="activePlatform">
			<destination>{e9b3b430-9bdb-4cec-8d7f-2e5011eefcca}</destination>
		</relationship>
	</object>
</objects>
