<?xml version="1.0" encoding="UTF-8"?>
<objects serializationModel="Studio.02.00.00">
	<object class="EncodingSetting" id="{7ec57399-728f-4cf3-852e-6fcdf0a319f1}">
		<property name="encodingFormat">
			<value>3</value>
		</property>
		<property name="quality">
			<value>37</value>
		</property>
		<relationship name="platform">
			<destination>{e9b3b430-9bdb-4cec-8d7f-2e5011eefcca}</destination>
		</relationship>
		<relationship name="encodable">
			<destination>{e9b3b430-9bdb-4cec-8d7f-2e5011eefcca}</destination>
		</relationship>
	</object>
</objects>
